Question,Score,Explanation
Does the documentation include a general description stating the intended purpose of the AI system?,5.0," The documentation provides a comprehensive description of the AI system, clearly stating its intended purpose. It explains the system's primary function, its potential secondary uses, and the user groups it serves. The document also provides a detailed explanation of how the system works, the machine learning models it uses, and how it ensures transparency and explainability. It also outlines the system's integration into a larger system, its deployment options, and system requirements. The document is well-structured, clear, and thorough, meeting both technical and legal requirements."
Are the persons or teams responsible for developing the AI system clearly identified?,2.0," The technical documentation provides a detailed description of the AI-based Medical Expenditure System, its functionalities, user groups, and deployment methods. However, it does not clearly identify the persons or teams responsible for developing the AI system. This information is crucial for accountability and transparency purposes, especially in the event of system errors or malfunctions. The documentation should include details about the development team, their roles, and their contact information."
Is the date and version of the system provided?,5.0, The question about the date and version of the system is answered perfectly in the technical documentation. The document clearly states that the system was last updated in June 2023 and the current version is 1.4.0. This information is crucial for users to understand the currency and version of the system they are using.
"Is there information on how the AI system interacts with hardware or software that is not part of the AI system itself, where applicable?",4.0," The technical documentation provides a detailed description of the AI system, its functionalities, and the user groups it caters to. It also outlines the system requirements for deployment and the platforms it can be integrated with. However, while it mentions that the system is part of a larger Care Management System and lists the software dependencies, it does not explicitly describe how the AI system interacts with hardware or software that is not part of the AI system itself. This information is crucial for understanding potential compatibility issues or conflicts that may arise during integration or operation."
Are the versions of relevant software or firmware listed?,4.0," The technical documentation provides a detailed description of the AI-based Medical Expenditure System, its functionalities, and the user groups it caters to. It also outlines the system requirements for deployment and provides information about the platform it is developed on, the machine learning algorithm it uses, and the dependencies it relies on. However, while it mentions the version of the IBM AIX360 platform, it does not provide the versions of the dependencies such as 'joblib', 'scikit-learn', 'torch', 'tensorflow', 'keras', 'matplotlib', 'numpy', 'pandas', 'scipy', 'xgboost', and others. This information is crucial for ensuring compatibility and smooth operation of the system. Therefore, the question is not fully answered."
Are there any requirements related to version updates?,1.0," The question about requirements related to version updates is not addressed at all in the provided technical documentation. The document provides a comprehensive overview of the AI-based Medical Expenditure System, its functionalities, user groups, deployment options, and system requirements. However, it does not mention anything about how version updates are handled, what the requirements are for updating the system, or how users will be notified about these updates. This is a significant omission, as version updates can have both technical and legal implications, such as system compatibility issues or changes in terms of service."
Does the documentation describe all forms in which the AI system is placed on the market or put into service?,5.0," The documentation thoroughly describes the forms in which the AI system is placed on the market or put into service. It provides a detailed description of the system's functionalities, user groups, and the methods used to ensure transparency and explainability. It also outlines the system's integration into a larger Care Management System and its development on the IBM AIX360 platform. The documentation further explains the different deployment options available, including on-premises, cloud-based, and API integration, along with the system requirements for each. This comprehensive information ensures that potential users understand how the system can be accessed and used, meeting both technical and legal requirements for transparency and accessibility."
Is the hardware on which the AI system is intended to run described?,5.0," The technical documentation perfectly answers the question. It provides a detailed description of the hardware requirements for the AI system to run optimally. This includes the operating system, processor, RAM, storage, graphics card, internet connection, and additional software requirements. The documentation also describes the different deployment options available, such as on-premises, cloud-based, and API integration. This comprehensive information allows potential users to assess whether their current hardware setup is suitable for the AI system. Furthermore, the legal implications are also considered, as the documentation specifies that the system can be deployed on the user's servers, which may involve data protection and privacy considerations."
"If applicable, are there photographs or illustrations available that show the external features, marking, and internal layout of products in which the AI system is a component?",1.0," The technical documentation does not answer the question at all. There is no mention of photographs or illustrations that show the external features, marking, and internal layout of products in which the AI system is a component. The documentation is comprehensive in explaining the functionality, user groups, and deployment of the AI system, but it lacks visual aids or descriptions of the physical aspects of the product. This could be a potential issue for compliance, especially if the product is subject to regulations that require such information to be disclosed."
Are there instructions for users on how to use the AI system?,4.5," The technical documentation provides a comprehensive overview of the AI-based Medical Expenditure System, including its purpose, functionalities, user groups, and the methods it employs for explainability. It also provides information about the system requirements and deployment options. The document mentions that detailed user instructions are available in a separate User Guide, which can be accessed through the application or the company's official website. However, it would be beneficial to include a brief overview or summary of these instructions in the technical documentation itself for immediate reference. The document also lacks information on the legal and regulatory compliance of the system, which is crucial for a system operating in the healthcare sector."
"Where applicable, are installation instructions provided?",5.0," The question is perfectly answered. The technical documentation provides a clear and comprehensive explanation of the AI-based Medical Expenditure System, including its functionalities, user groups, and the methods it employs. It also mentions the system requirements for deployment and indicates that installation instructions can be found in the ""Installation Guide"" accessible through their official website. This shows a high level of transparency and user-friendliness. From a legal perspective, the documentation does not seem to violate any laws or regulations, as it does not disclose any sensitive information or make any false claims."
Does the documentation describe the methods and steps performed for the development of the AI system?,4.0," The documentation provides a detailed description of the AI system, its functionalities, the user groups it caters to, and the methods used for explanation of machine learning predictions. It also outlines the system requirements and deployment options. However, it does not fully describe the methods and steps performed for the development of the AI system. While it mentions the use of the XGBoost algorithm and the IBM AIX360 platform, it does not provide information on how the model was trained, validated, and tested, or how the data was collected and processed. This lack of information could have legal implications, as it may not be clear whether the system complies with data protection and privacy laws."
Are there sections detailing the use of any pre-trained systems or third-party tools?,4.0," The technical documentation provides a detailed description of the AI-based Medical Expenditure System, including its functionalities, user groups, and the methods used for explainability. It also mentions the use of the XGBoost machine learning algorithm and the IBM AIX360 platform, which are third-party tools. However, it does not explicitly state whether these tools are pre-trained systems or not. The document also lists the dependencies used, which are third-party tools, but again, it does not specify if any of these are pre-trained. The document could improve by providing explicit information about the use of pre-trained systems."
"Are the design specifications, including the general logic and algorithms, clearly outlined?",4.0," The technical documentation provides a detailed description of the AI-based Medical Expenditure System, its functionalities, user groups, and the methods used to enhance the explainability of the system. It also outlines the system requirements and deployment options. However, while it mentions the use of the XGBoost machine learning algorithm, it does not provide a clear explanation of the general logic and algorithms used in the system. This lack of detail may make it difficult for users to fully understand how the system works and could potentially raise legal issues related to transparency and accountability."
"Are trade-offs in the technical solutions, such as accuracy vs. speed or privacy vs. functionality, clearly documented?",2.0," The technical documentation provides a detailed description of the AI-based Medical Expenditure System, its functionalities, user groups, explanation methods, and deployment options. However, it does not address the question about trade-offs in the technical solutions, such as accuracy vs. speed or privacy vs. functionality. There is no mention of how the system balances these trade-offs or any potential compromises made in its design and implementation. This lack of information could have legal implications, especially in terms of privacy, and it also leaves users without a full understanding of the system's limitations or potential weaknesses."
"Is the system architecture, including software component interactions, explained?",2.0," The technical documentation provides a detailed description of the AI-based Medical Expenditure System, its functionalities, user groups, and the methods used for machine learning predictions. It also outlines the system requirements and deployment options. However, it does not adequately explain the system architecture and the interactions between software components. For instance, it does not describe how the XGBoost algorithm interacts with the IBM AIX360 platform or how the system integrates with the larger Care Management System. The documentation also lacks a visual representation of the system architecture, which could help in understanding the system's structure and component interactions. From a legal perspective, the documentation does not mention any compliance with data protection regulations, which is crucial given the sensitive nature of healthcare data."
"Is there information about the computational resources used in different phases like development, training, testing, and validation?",2.0," The technical documentation provides a detailed description of the AI-based Medical Expenditure System, its functionalities, and the user groups it caters to. It also outlines the system requirements for deploying the system. However, it does not provide any specific information about the computational resources used in different phases like development, training, testing, and validation. This information is crucial for understanding the system's performance, scalability, and cost-effectiveness. Therefore, the question is only partially answered, lacking in the technical details required."
"Are the data requirements including datasheets, training methodologies, and data sets described?",4.0," The technical documentation provides a detailed description of the AI system's elements and development process, including the design and architecture, data source, and pre-processing steps. It also outlines the measures taken to ensure data quality, fairness, and non-discrimination. However, it does not explicitly describe the training methodologies used, which is a key aspect of the data requirements. The documentation also does not provide information about the datasheets or the specific datasets used, which could be important for understanding the system's performance and limitations. From a legal perspective, the documentation does well to emphasize the importance of adhering to privacy laws and regulations during the data collection process."
Is there an assessment of human oversight measures as per Article 14?,4.0," The technical documentation provides a comprehensive overview of the human oversight measures in place for the AI system. It details how different user groups, including individual consumers, healthcare providers, and healthcare payers, can opt-out, override, or reverse decisions made by the system. It also mentions safety mechanisms and a feedback loop for system improvements. However, it does not explicitly mention Article 14 or any specific legal requirements related to human oversight. While it does mention adherence to legal standards, it would be beneficial to explicitly state how the system complies with specific legal requirements."
Does the technical documentation indicate that the high-risk AI system is designed and developed to be effectively overseen by natural persons?,4.0," The technical documentation provides a comprehensive explanation of how the AI system can be overseen by natural persons. It details the roles of different users and their ability to override or reverse the system's decisions. It also mentions safety mechanisms and a feedback loop for system improvements. However, it does not explicitly state how the system is designed and developed to be overseen by natural persons. The documentation could be improved by providing more information on how the system's design and development process facilitates human oversight."
"Does the documentation specify how human oversight aims to prevent or minimize risks to health, safety, or fundamental rights?",4.0," The documentation provides a comprehensive explanation of how human oversight is incorporated into the AI system to prevent or minimize risks to health, safety, or fundamental rights. It details how different user groups, including healthcare providers, individual consumers, and healthcare payers, can opt-out, override, or reverse decisions made by the system. It also mentions built-in safety mechanisms and encourages a feedback loop for system improvements. However, it does not explicitly state how these measures aim to prevent or minimize risks to health, safety, or fundamental rights. The documentation could be improved by providing specific examples or scenarios demonstrating how these measures work to prevent or minimize such risks."
"Are the measures for human oversight identified and built into the high-risk AI system by the provider, or are they identified as appropriate to be implemented by the user?",4.5," The technical documentation provides a comprehensive answer to the question. It clearly identifies the measures for human oversight built into the AI system, such as the ability for users to opt-out, override, or reverse decisions, and the inclusion of safety mechanisms for easy reversal of automated actions. It also emphasizes the importance of adhering to legal and ethical guidelines. However, it does not explicitly state whether these measures are implemented by the provider or are identified as appropriate to be implemented by the user. The documentation also provides a detailed description of the AI system's elements and development process, which is not directly related to the question but demonstrates the system's transparency and accountability."
Are these measures designed to enable individuals to understand the capacities and limitations of the AI system?,4.5," The technical documentation provides a comprehensive overview of the AI-based Medical Expenditure System, its functions, and its user groups. It also explains how the system works, the models it uses, and how it provides explanations for its predictions. This information is crucial for users to understand the capacities and limitations of the system. The document also provides information on how to access the user guide, which presumably contains more detailed instructions on how to use the system. 

However, while the document does a good job of explaining the system's capacities, it does not explicitly discuss its limitations. For example, it does not mention any potential errors or inaccuracies that may arise from the system's predictions, or any limitations in the data it uses. This information is important for users to fully understand what the system can and cannot do. 

From a legal perspective, the document does not mention any privacy or data protection measures, which are crucial given the sensitive nature of healthcare data. It also does not mention any compliance with healthcare regulations, which could potentially raise legal issues. 

Overall, the document provides a good amount of technical information, but could benefit from more discussion on the system's limitations and legal considerations."
"Do the human oversight measures help individuals detect and address signs of anomalies, dysfunctions, and unexpected performance as soon as possible?",3.0," The technical documentation provides a comprehensive overview of the AI system, its design, and its use. It also outlines the measures in place for users to override or reverse decisions made by the system, which is a form of human oversight. However, it does not directly address the question of whether these measures help individuals detect and address signs of anomalies, dysfunctions, and unexpected performance as soon as possible. The documentation also lacks information on how users are alerted to such issues and how they can report them for further investigation."
Are measures in place to ensure individuals remain aware of the possible tendency of automatically relying or over-relying on the output produced by the high-risk AI system?,4.5," The technical documentation provides a comprehensive answer to the question. It clearly outlines the measures in place to ensure individuals remain aware of the possible tendency of automatically relying or over-relying on the output produced by the high-risk AI system. It emphasizes user discretion, the ability to opt-out, override, or reverse decisions, and the importance of adhering to legal and ethical guidelines. It also mentions a feedback loop for system improvements and future updates. 

However, it could be improved by providing more specific examples or case studies of how these measures have been implemented and used in practice. Additionally, while the documentation mentions legal and ethical guidelines, it does not specify which ones, which could lead to ambiguity."
Do the measures enable individuals to correctly interpret the high-risk AI system’s output?,4.5," The technical documentation provides a comprehensive description of the AI-based Medical Expenditure System, including its purpose, user groups, and how it provides explanations for its predictions. It also details the system's deployment options and requirements. The document does a good job of explaining how the system's output can be interpreted by different user groups, such as healthcare data scientists, care managers, and medical staff. It also mentions the use of interpretable models and explanation methods like ProtoDash and Contrastive Explanations Method (CEM) to enhance the system's transparency and explainability. 

However, the document does not explicitly state whether these measures are sufficient for individuals to correctly interpret the high-risk AI system’s output. It would be beneficial to include user feedback or testing results to confirm the effectiveness of these measures. Furthermore, while the document mentions the system's compliance with stringent guidelines, it does not specify which guidelines or standards are being followed, which could have legal implications."
"Can individuals decide not to use the high-risk AI system, or otherwise disregard, override, or reverse the output of the AI system?",5.0," The technical documentation thoroughly answers the question. It provides a comprehensive explanation of how different users, including individual consumers, healthcare providers, and healthcare payers, can opt-out, override, or reverse decisions made by the AI system. It also highlights the system's built-in safety mechanisms that allow for easy reversal of automated actions. The documentation further emphasizes the importance of adhering to legal and ethical guidelines when using the system's predictions. The feedback loop for system improvements and future updates is also a strong point. The document is clear, detailed, and addresses both the technical and legal aspects of the question."
"Is there a provision for individuals to intervene on the operation of the high-risk AI system or to interrupt the system, such as through a ""stop"" button or a similar procedure?",4.0," The technical documentation provides a comprehensive explanation of how individuals can intervene on the operation of the high-risk AI system. It details the discretion that users, individual consumers, healthcare providers, and healthcare payers have to opt-out, override, or reverse decisions generated by the system. It also mentions built-in safety mechanisms that allow for easy reversal of automated actions. However, it does not explicitly mention a ""stop"" button or a similar procedure to interrupt the system, which was specifically asked in the question. Therefore, while the documentation provides a lot of relevant information, it does not fully answer the question."
"For systems identified in point 1(a) of Annex III, does the human oversight measure ensure that no action or decision is taken based on the AI system's identification unless verified and confirmed by at least two natural persons?",4.0," The technical documentation provides a comprehensive explanation of the AI system's design, development, and operation. It clearly states that the AI system's outputs are advisory and that users have the discretion to opt-out, override, or reverse decisions generated by the system. It also mentions a 'review and confirm' step for automated actions, which implies that no action or decision is taken based solely on the AI system's identification. However, it does not explicitly state that at least two natural persons must verify and confirm the AI system's identification before an action or decision is taken, which is the specific requirement in the question. Therefore, while the documentation provides strong evidence of human oversight, it does not fully meet the exact criteria outlined in the question."
Does the documentation describe any pre-determined changes to the system and its performance?,1.0," The technical documentation does not answer the question at all. It provides a detailed description of the AI-based Medical Expenditure System, its functionalities, user groups, explanation methods, deployment options, and system requirements. However, it does not mention any pre-determined changes to the system and its performance. This is a significant omission as it is important for users to understand how the system might evolve over time, and how these changes could impact its performance."
"Are validation and testing procedures clearly defined, along with used metrics and test logs?",1.0," The technical documentation does not answer the question at all. There is no mention of validation and testing procedures, used metrics, or test logs. While the document provides a detailed description of the AI system, its functionalities, and deployment options, it lacks information on how the system is tested and validated, which is crucial for assessing its reliability and performance. The document needs to include details on the testing and validation procedures, the metrics used for evaluation, and how the test logs are maintained and accessed."
Does the documentation detail the capabilities and limitations of the AI system?,4.0," The documentation provides a detailed description of the AI system's capabilities, including its primary function, the user groups it serves, the methods it employs for explainability, and the machine learning algorithm it uses. It also outlines the system's integration into a larger system, its deployment options, and system requirements. However, the documentation does not explicitly detail the limitations of the AI system, which is a crucial aspect to consider for potential users and stakeholders. This could include potential inaccuracies in predictions, limitations in the types of data the system can process, or constraints related to the system's integration with other platforms."
Is there information on the degrees of accuracy for specific target groups?,1.0," The technical documentation does not provide any information on the degrees of accuracy for specific target groups. While it does a good job of explaining the system's functionality, the user groups it caters to, and the methods used for explanation of machine learning outputs, it does not provide any specific data or metrics on the system's accuracy. This is a significant omission, as accuracy is a key performance indicator for AI systems and is particularly important for stakeholders to assess the system's reliability and effectiveness. Furthermore, the documentation does not address any potential legal implications related to the accuracy of the system's predictions, such as liability for inaccurate predictions or potential bias in the system's outputs."
"Are foreseeable unintended outcomes and risks, including to health and safety and fundamental rights, described?",2.0," The technical documentation provides a comprehensive description of the AI system's design, architecture, data processing, and user discretion. It also outlines the safety mechanisms, accountability, and feedback loop. However, it does not specifically address the question about foreseeable unintended outcomes and risks, including to health and safety and fundamental rights. The documentation should include a section detailing potential risks and unintended consequences, such as potential biases, errors in prediction, misuse of data, and any other risks associated with the use of the AI system. It should also discuss measures taken to mitigate these risks."
Are technical measures for human oversight outlined?,4.5," The technical documentation provides a comprehensive outline of the measures for human oversight. It clearly explains how different user groups, including healthcare data scientists, care managers, medical staff, individual consumers, and healthcare payers, can opt-out, override, or reverse decisions generated by the AI system. It also mentions safety mechanisms and encourages a feedback loop for system improvements. However, it could be improved by providing more specific technical details on how these measures are implemented. For instance, it could explain how the 'review and confirm' step is technically integrated into the system. From a legal perspective, the document does well to emphasize the importance of adhering to medical, ethical, and legal standards."
Are specifications on input data provided?,2.0," The technical documentation provides a detailed overview of the AI-based Medical Expenditure System, its functionalities, user groups, explanation methods, and deployment options. However, it does not provide specific information about the input data specifications. While it mentions that the system leverages demographic data, socio-economic factors, and self-reported medical conditions, it does not provide details about the format, structure, or other specifications of the input data. This lack of information could lead to confusion or misuse of the system, potentially resulting in legal implications. Therefore, the documentation should be updated to include detailed specifications on input data."
"Is there evidence that a risk management system has been established, implemented, documented, and maintained for high-risk AI systems?",1.0," The technical documentation provides a detailed description of the AI-based Medical Expenditure System, its functionalities, user groups, explanation methods, and deployment options. However, it does not provide any information or evidence regarding the establishment, implementation, documentation, or maintenance of a risk management system for this high-risk AI system. This is a significant omission, as it is crucial to demonstrate that potential risks associated with the use of the system have been identified and are being managed effectively. This includes risks related to data privacy, security, accuracy of predictions, and potential misuse of the system. Without this information, it is impossible to assess the system's compliance with legal and regulatory requirements related to risk management."
Does the documentation indicate that the risk management system is a continuous iterative process run throughout the entire lifecycle of the high-risk AI system?,1.0," The technical documentation does not address the question at all. The question asks about the risk management system and whether it is a continuous iterative process throughout the lifecycle of the high-risk AI system. However, the documentation does not mention anything about risk management, its process, or how it is implemented throughout the lifecycle of the AI system. The documentation is comprehensive in explaining the AI system's functionality, user groups, explanation methods, and deployment options, but it fails to provide any information on risk management. Therefore, from a legal perspective, it lacks crucial information about how risks are identified, assessed, and mitigated, which is a significant omission for a high-risk AI system."
Is there a provision for regular systematic updates?,1.0," The technical documentation does not address the question about the provision for regular systematic updates at all. While the document provides a detailed description of the AI system, its functionalities, user groups, deployment options, and system requirements, it does not mention anything about how and when the system will be updated. This is a crucial aspect to ensure the system's continued performance, security, and compliance with any changes in legal requirements."
Are known and foreseeable risks associated with the high-risk AI system identified and analyzed?,2.0," The technical documentation provides a comprehensive overview of the AI system, its design, architecture, data handling, and user discretion. However, it does not directly address the question about identifying and analyzing known and foreseeable risks associated with the high-risk AI system. While it does mention safety mechanisms, accountability, and feedback loops, it does not explicitly discuss risk identification, analysis, or mitigation strategies. The documentation should include a section detailing potential risks, their implications, and how they are being managed or mitigated to fully answer the question."
Are risks estimated and evaluated both for intended use and conditions of reasonably foreseeable misuse?,2.0," The technical documentation provides a detailed description of the AI-based Medical Expenditure System, its functionalities, user groups, and deployment methods. However, it does not address the question about risk estimation and evaluation for both intended use and conditions of reasonably foreseeable misuse. The documentation lacks information on how the system handles potential risks, errors, or misuse scenarios. This is a significant gap, as understanding and mitigating risks is crucial for both technical robustness and legal compliance. The documentation should include sections on risk assessment, error handling, data security, and misuse prevention to fully answer the question."
Does the risk management system include evaluation of risks based on data gathered from post-market monitoring?,1.0," The technical documentation does not address the question at all. The question asks about the risk management system's ability to evaluate risks based on data gathered from post-market monitoring. However, the provided documentation does not mention any risk management system or post-market monitoring. It only describes the AI-based Medical Expenditure System, its functionalities, user groups, explanation methods, and deployment options. The documentation is comprehensive and detailed in its description of the AI system, but it fails to provide any information relevant to the question. Therefore, it does not meet the legal requirement of demonstrating how the system manages and evaluates risks, particularly those identified through post-market monitoring."
Are suitable risk management measures adopted?,3.5," The documentation provides a comprehensive overview of the AI system, its design, and its use. It also outlines the measures in place to allow users to override or reverse decisions made by the system, which is a form of risk management. However, it does not explicitly address other risk management measures such as system security, data protection, and error handling. The documentation also lacks information on how the system handles potential failures or malfunctions, which are crucial aspects of risk management. Furthermore, while the document mentions legal and ethical guidelines, it does not provide specific details on how the system ensures compliance with these guidelines."
Do the risk management measures consider the effects and possible interactions resulting from combined application requirements?,2.0," The technical documentation provides a detailed description of the AI-based Medical Expenditure System, its functionalities, user groups, and deployment options. However, it does not directly address the question about risk management measures considering the effects and possible interactions resulting from combined application requirements. The document does not mention any risk management measures or how they might interact with the system's various application requirements. This is a significant omission, as understanding how the system manages risks, especially in a healthcare context, is crucial for compliance with legal and ethical standards."
Do the risk management measures reflect the generally acknowledged state of the art?,2.0," The technical documentation provides a detailed description of the AI-based Medical Expenditure System, its functionalities, user groups, and deployment options. However, it does not directly address the question about whether the risk management measures reflect the generally acknowledged state of the art. While the document mentions the use of stringent guidelines to ensure transparency, fairness, robustness, and explainability, it does not elaborate on these guidelines or how they align with the state of the art in risk management. Furthermore, there is no mention of any legal or regulatory compliance measures, which are crucial aspects of risk management in the healthcare sector."
Is there a judgment on the acceptability of any residual risks?,1.0," The technical documentation provides a detailed description of the AI-based Medical Expenditure System, its functionalities, user groups, explanation methods, and deployment options. However, it does not address the question about the judgment on the acceptability of any residual risks. The documentation lacks information on risk assessment, mitigation strategies, and the acceptability of any remaining risks after mitigation. This is a significant omission, as understanding and managing risks is crucial in AI systems, especially those used in sensitive sectors like healthcare. The documentation should include a risk assessment section detailing the potential risks, their likelihood, impact, mitigation strategies, and the acceptability of any residual risks."
Are residual risks communicated to the user?,2.0," The technical documentation provides a comprehensive overview of the AI system, its design, architecture, and data processing. It also outlines the discretion users have in opting out, overriding, or reversing decisions made by the system. However, it does not directly address the question about residual risks. The documentation does not mention if and how these risks are communicated to the user. This is a significant omission, as users should be made aware of any potential risks associated with the use of the AI system."
Does the documentation show evidence of elimination or reduction of risks through adequate design and development?,4.0," The documentation provides a comprehensive overview of the AI system's design and development process, including the steps taken to ensure data quality, fairness, and non-discrimination. It also outlines the system's safety mechanisms and the ability for users to override or reverse decisions, which can help reduce risks. However, it does not explicitly state how these design and development processes eliminate or reduce risks. The documentation could be improved by providing specific examples or case studies demonstrating how these processes have effectively mitigated risks in the past."
Are mitigation and control measures implemented for risks that cannot be eliminated?,2.0," The technical documentation provides a detailed description of the AI-based Medical Expenditure System, its functionalities, user groups, and deployment options. However, it does not address the question about the mitigation and control measures implemented for risks that cannot be eliminated. While the document mentions the system's transparency, fairness, robustness, and explainability, it does not provide specific information on how potential risks are managed or controlled. This lack of information could have legal implications, especially in the healthcare sector where data privacy and security are paramount. Therefore, the documentation needs to include information on risk management strategies, data protection measures, and contingency plans for potential system failures or breaches."
"Is there provision for adequate information pursuant to Article 13, especially regarding risks?",2.0," The technical documentation provides a detailed description of the AI-based Medical Expenditure System, its functionalities, user groups, explanation methods, and deployment options. However, it does not adequately address the provision of information pursuant to Article 13, especially regarding risks. Article 13 of the GDPR requires that data subjects be provided with information about the risks, rules, safeguards, and rights in relation to the processing of personal data. The documentation does not mention how personal data is processed, stored, or protected, nor does it discuss the potential risks associated with the use of the system. This lack of information could lead to non-compliance with GDPR and other data protection laws."
"Where appropriate, is training provided to users?",3.0," The technical documentation provides a detailed description of the AI-based Medical Expenditure System, its functionalities, and how it caters to different user groups. It also provides information about the system requirements and where to find the installation guide. However, it does not explicitly mention if training is provided to users. While it does mention a User Guide and Installation Guide, these are not the same as training. Training would involve interactive sessions, tutorials, or webinars that guide users through the system's use, which is not clearly stated in the documentation. Therefore, the question is only partially answered."
"Is due consideration given to the technical knowledge, experience, education, and training expected from the user and the environment where the system will be used?",4.0," The technical documentation provides a comprehensive description of the AI-based Medical Expenditure System, its functionalities, and the user groups it caters to. It also outlines the technical requirements for deploying the system. However, it does not explicitly address the level of technical knowledge, experience, education, and training expected from the user. While it does mention that the system is designed for healthcare data scientists, care managers, and medical staff, it does not specify the level of technical expertise required by these users. The environment where the system will be used is also not clearly defined, although it does mention that the system can be deployed on-premises, cloud-based, or via API integration."
Are high-risk AI systems tested to identify the most appropriate risk management measures?,2.0," The technical documentation provides a detailed description of the AI-based Medical Expenditure System, its functionalities, user groups, and deployment options. However, it does not directly address the question about testing high-risk AI systems to identify the most appropriate risk management measures. While the document mentions the system's robustness, transparency, and explainability, it does not provide specific information about the testing procedures or risk management measures implemented. This lack of information is a significant weakness in the context of the question asked. The document also does not address any legal implications or requirements related to the testing and risk management of high-risk AI systems."
Do testing procedures ensure consistent performance and compliance?,2.0," The technical documentation provides a detailed description of the AI-based Medical Expenditure System, its functionalities, user groups, and deployment options. However, it does not adequately address the question about testing procedures to ensure consistent performance and compliance. While the document mentions that the system operates under stringent guidelines and has undergone extensive training, it does not provide specific information about the testing procedures, their frequency, or how they ensure compliance with relevant laws and regulations. This lack of information could potentially raise legal and operational concerns."
Are testing procedures suitable for the intended purpose?,2.0," The technical documentation provides a detailed description of the AI-based Medical Expenditure System, its functionalities, user groups, explanation methods, and deployment options. However, it does not address the question about the suitability of testing procedures for the intended purpose. The document does not provide any information about the testing procedures used to validate the system's performance, robustness, and accuracy. This is a critical aspect of any AI system, especially in the healthcare domain, where the system's predictions can have significant implications. Therefore, the document fails to answer the question adequately."
"Are testing procedures performed at appropriate times, including before market placement?",1.0," The technical documentation provides a detailed description of the AI-based Medical Expenditure System, its functionalities, user groups, explanation methods, and deployment options. However, it does not address the question about testing procedures and their timing, including before market placement. This is a critical aspect of both technical and legal compliance, as it ensures the system's reliability, accuracy, and safety. The documentation should include information about the testing methodologies used, the frequency of testing, and the specific stages at which testing is performed, especially before the system is introduced to the market."
Are metrics and probabilistic thresholds defined preliminarily?,2.0," The technical documentation provides a detailed overview of the AI-based Medical Expenditure System, its functionalities, user groups, explanation methods, and deployment options. However, it does not address the question about the definition of metrics and probabilistic thresholds. These are crucial for understanding how the system measures its performance and makes predictions, respectively. The absence of this information could have legal implications, as it may affect the system's transparency and the ability of users to assess its reliability and accuracy."
Is specific consideration given to whether the high-risk AI system is likely to be accessed by or impact children?,1.0," The technical documentation does not address the question at all. There is no mention or consideration given to whether the high-risk AI system is likely to be accessed by or impact children. This is a significant oversight, as the system's potential impact on children, either directly or indirectly, should be assessed and disclosed. This is particularly important given the sensitive nature of the data the system handles and the potential legal and ethical implications."
"If the AI system is for credit institutions regulated by Directive 2013/36/EU, does it adhere to the risk management procedures pursuant to Article 74 of that Directive?",1.0," The technical documentation does not address the question at all. The question asks about the AI system's compliance with risk management procedures pursuant to Article 74 of Directive 2013/36/EU, which is a directive for credit institutions. However, the provided documentation is about an AI-based Medical Expenditure System, which is not related to credit institutions. Therefore, the documentation does not provide any information about the system's adherence to the risk management procedures as per the mentioned directive."
Does the documentation describe any changes made to the system throughout its lifecycle?,1.0," The technical documentation does not address the question at all. It provides a detailed description of the AI-based Medical Expenditure System, its functionalities, user groups, explanation methods, deployment options, and system requirements. However, it does not mention any changes made to the system throughout its lifecycle. This is a significant omission as it is important for users to understand how the system has evolved over time, what improvements have been made, and how any changes might impact their use of the system. From a legal perspective, documenting changes is also crucial for accountability and traceability purposes."
Is there a list of applied harmonized standards?,1.0," The technical documentation does not provide any information regarding the applied harmonized standards. Harmonized standards are crucial in ensuring that the AI system complies with the necessary safety, quality, and interoperability standards. The absence of this information raises concerns about the system's compliance with legal and industry requirements."
"If no harmonized standards are applied, is there a description of the solutions adopted to meet the requirements?",2.0," The technical documentation provides a detailed description of the AI-based Medical Expenditure System, its functionalities, user groups, and deployment options. However, it does not directly address the question about the solutions adopted to meet the requirements in the absence of harmonized standards. While the document mentions the use of stringent guidelines for transparency, fairness, robustness, and explainability, it does not specify what these guidelines are or how they are implemented to meet the requirements. The document also lacks information on how the system complies with legal and regulatory requirements, which is a crucial aspect of compliance assessment."
Is a copy of the EU declaration of conformity included in the documentation?,1.0," The technical documentation does not include any information about the EU declaration of conformity. This is a critical legal requirement for products sold within the European Union, and its absence in the documentation indicates a significant compliance issue. The documentation should include a copy of the EU declaration of conformity or at least mention its existence and how it can be accessed."
Is there a detailed description of the system to evaluate the AI system's performance in the post-market phase?,2.0," The technical documentation provides a detailed description of the AI-based Medical Expenditure System, its functionalities, user groups, and deployment methods. However, it does not address the question about the system's performance evaluation in the post-market phase. There is no mention of any mechanisms or procedures for monitoring, evaluating, or improving the system's performance after it has been deployed and is in use. This is a significant gap in the documentation, as post-market performance evaluation is crucial for ensuring the system's effectiveness, safety, and compliance with legal and regulatory requirements."
Does the description of the system to evaluate the AI system's performance include a post-market monitoring plan as referred to in Article 61(3)?,1.0," The technical documentation provides a detailed description of the AI-based Medical Expenditure System, its functionalities, user groups, explanation methods, and deployment options. However, it does not address the question at hand, which asks for a post-market monitoring plan as referred to in Article 61(3). This is a crucial aspect of AI system compliance, as it ensures the system's performance and safety are continuously monitored after it has been deployed in the market. The absence of this information indicates a significant gap in the documentation's compliance with legal requirements."
